{
    "step": 4,
    "train": {
        "loss": 0.982227087020874,
        "accuracy": 0.5334455966949463
    },
    "eval": {
        "loss": 1.0369194746017456,
        "accuracy": 0.5275827646255493
    }
}