{
    "step": 9,
    "train": {
        "loss": 0.9959703683853149,
        "accuracy": 0.5378432869911194
    },
    "eval": {
        "loss": 1.0643237829208374,
        "accuracy": 0.4885496199131012
    }
}