{
    "step": 4,
    "train": {
        "loss": 0.9787693023681641,
        "accuracy": 0.5424687266349792
    },
    "eval": {
        "loss": 0.9976718425750732,
        "accuracy": 0.5466399192810059
    }
}