{
    "step": 99,
    "train": {
        "loss": 0.26685354113578796,
        "accuracy": 0.9035499095916748
    },
    "eval": {
        "loss": 1.292855978012085,
        "accuracy": 0.6463104486465454
    }
}