{
    "step": 1,
    "train": {
        "loss": 1.1844391822814941,
        "accuracy": 0.4588077664375305
    },
    "eval": {
        "loss": 1.3761318922042847,
        "accuracy": 0.37150126695632935
    }
}