{
    "step": 24,
    "train": {
        "loss": 0.6773858666419983,
        "accuracy": 0.711140513420105
    },
    "eval": {
        "loss": 0.6793358325958252,
        "accuracy": 0.7021062970161438
    }
}