{
    "step": 3,
    "train": {
        "loss": 1.3620918989181519,
        "accuracy": 0.3005293607711792
    },
    "eval": {
        "loss": 1.4119377136230469,
        "accuracy": 0.2507522702217102
    }
}