{
    "step": 49,
    "train": {
        "loss": 0.3672240078449249,
        "accuracy": 0.8569537997245789
    },
    "eval": {
        "loss": 0.705799400806427,
        "accuracy": 0.7542628049850464
    }
}