{
    "step": 24,
    "train": {
        "loss": 0.6566033959388733,
        "accuracy": 0.7216073274612427
    },
    "eval": {
        "loss": 0.6935780644416809,
        "accuracy": 0.7281845808029175
    }
}