{
    "loss": 0.9925230741500854,
    "acc": 0.5386158227920532,
    "test_loss": 1.0115084648132324,
    "test_acc": 0.548872172832489
}