{
    "loss_0": 5.800815582275391,
    "acc_0": 0.24874624609947205
}