{
    "loss": 0.7713728547096252,
    "acc": 0.7226462960243225,
    "test_loss": 0.9557861685752869,
    "test_acc": 0.6302521228790283
}