{
    "loss_0": 3.740746021270752,
    "acc_0": 0.27883651852607727,
    "best_loss": 0.6793359518051147,
    "best_acc": 0.7021062970161438,
    "best_test_loss": 0.6981877088546753,
    "best_test_acc": 0.6942355632781982
}