{
    "step": 25,
    "loss_0": 13.198637008666992,
    "acc_0": 0.24974924325942993,
    "train": {
        "loss": 0.6292842030525208,
        "accuracy": 0.7395331859588623
    },
    "eval": {
        "loss": 0.6539261937141418,
        "accuracy": 0.7221664786338806
    },
    "best_loss": 0.6539261937141418,
    "best_acc": 0.7221664786338806,
    "best_test_loss": 0.6888428926467896,
    "best_test_acc": 0.719298243522644
}