{
    "loss": 1.3761318922042847,
    "acc": 0.37150126695632935,
    "test_loss": 1.4044394493103027,
    "test_acc": 0.32773110270500183
}