{
    "loss_0": 22.689889907836914,
    "acc_0": 0.2507522702217102,
    "best_loss": 0.6935780644416809,
    "best_acc": 0.7281845808029175,
    "best_test_loss": 0.7170028686523438,
    "best_test_acc": 0.6917293071746826
}