{
    "loss": 0.5947108864784241,
    "acc": 0.7833500504493713,
    "test_loss": 0.7516919374465942,
    "test_acc": 0.7468671798706055
}