{
    "best_loss": 0.9325305223464966,
    "best_acc": 0.5797392129898071,
    "best_test_loss": 0.9587969183921814,
    "best_test_acc": 0.5839598774909973
}