step	accuracy
0	0.41710779070854187
1	0.46896055340766907
