step	train/accuracy
0	0.4230028986930847
1	0.4808710217475891
2	0.5085418820381165
