step	accuracy
0	0.4080846905708313
1	0.46571221947669983
2	0.4913378357887268
3	0.501323401927948
4	0.5262271165847778
5	0.5403031706809998
6	0.5543792247772217
7	0.5672521591186523
8	0.5875841975212097
9	0.5954042077064514
10	0.6008180975914001
11	0.6157363057136536
12	0.6209095120429993
13	0.6228344440460205
14	0.6382339000701904
