step	train/accuracy
0	0.42228102684020996
1	0.4682386815547943
2	0.49458613991737366
3	0.5173243284225464
4	0.5441530346870422
5	0.5684552192687988
6	0.5803657174110413
7	0.5955245494842529
8	0.6104427576065063
9	0.6225938200950623
10	0.6259624361991882
11	0.6405197381973267
12	0.6465351581573486
13	0.6532723903656006
14	0.6609720587730408
15	0.6776949167251587
16	0.6808229088783264
17	0.6903272271156311
18	0.7022377252578735
19	0.7066891193389893
20	0.7021174430847168
21	0.7151106595993042
