step	train/loss
0	1.2437211275100708
1	1.0984655618667603
2	1.0468980073928833
