step	loss
0	1.247100830078125
1	1.1093966960906982
