step	loss
0	1.2578505277633667
1	1.1151015758514404
2	1.0583938360214233
3	1.0317484140396118
4	0.9984438419342041
5	0.9677454829216003
6	0.9489059448242188
7	0.9208025336265564
8	0.8972005248069763
9	0.8794084787368774
10	0.856475830078125
11	0.8458024263381958
12	0.8347615003585815
13	0.8218400478363037
14	0.8027632236480713
