step	train/loss
0	1.2499819993972778
1	1.11106276512146
2	1.0563164949417114
3	1.0168712139129639
4	0.976640522480011
5	0.9344231486320496
6	0.9144641160964966
7	0.8916652202606201
8	0.8669167160987854
9	0.8464441895484924
10	0.8301914930343628
11	0.8129200339317322
12	0.7988626956939697
13	0.7862728834152222
14	0.7691618204116821
15	0.7559497952461243
16	0.7393314242362976
17	0.7243676781654358
18	0.7019940614700317
19	0.6951565146446228
20	0.6957736015319824
21	0.668798565864563
