{
    "loss_0": 6.374295711517334,
    "acc_0": 0.277833491563797,
    "train": {
        "loss": 0.9069792032241821,
        "accuracy": 0.5729066133499146
    },
    "eval": {
        "loss": 1.055445671081543,
        "accuracy": 0.5065195560455322
    },
    "step": 24,
    "best_loss": 0.8698859810829163,
    "best_acc": 0.6118354797363281,
    "best_test_loss": 0.8817670941352844,
    "best_test_acc": 0.6115288138389587
}
