{
    "loss_0": 22.220014572143555,
    "acc_0": 0.2507522702217102,
    "train": {
        "loss": 0.667385995388031,
        "accuracy": 0.7196823954582214
    },
    "eval": {
        "loss": 0.8604529500007629,
        "accuracy": 0.6539618968963623
    },
    "step": 23
}