{
    "loss_0": 16.183216094970703,
    "acc_0": 0.2507522702217102,
    "train": {
        "loss": 0.8992018103599548,
        "accuracy": 0.5779595971107483
    },
    "eval": {
        "loss": 0.9093508720397949,
        "accuracy": 0.5827482342720032
    },
    "step": 24,
    "best_loss": 0.8749070763587952,
    "best_acc": 0.6068204641342163,
    "best_test_loss": 0.9113304615020752,
    "best_test_acc": 0.6115288138389587
}
