{
    "loss_0": 12.046812057495117,
    "acc_0": 0.25977933406829834,
    "train": {
        "loss": 1.0468980073928833,
        "accuracy": 0.5085418820381165
    },
    "eval": {
        "loss": 0.9805054664611816,
        "accuracy": 0.5225676894187927
    },
    "step": 2
}