{
    "loss_0": 9.496390342712402,
    "acc_0": 0.22266800701618195,
    "train": {
        "loss": 0.715406060218811,
        "accuracy": 0.6923725008964539
    },
    "eval": {
        "loss": 0.745837390422821,
        "accuracy": 0.6810431480407715
    },
    "step": 24,
    "best_loss": 0.6953845024108887,
    "best_acc": 0.7091273665428162,
    "best_test_loss": 0.7362988591194153,
    "best_test_acc": 0.6791979670524597
}
