{
    "loss_0": 20.57746124267578,
    "acc_0": 0.24974924325942993,
    "train": {
        "loss": 0.8842516541481018,
        "accuracy": 0.5837343335151672
    },
    "eval": {
        "loss": 0.8593325614929199,
        "accuracy": 0.6048144698143005
    },
    "step": 24,
    "best_loss": 0.8594814538955688,
    "best_acc": 0.605817437171936,
    "best_test_loss": 0.870830774307251,
    "best_test_acc": 0.5889724493026733
}
