{
    "loss_0": 17.02574920654297,
    "acc_0": 0.2517552673816681,
    "train": {
        "loss": 0.8098046183586121,
        "accuracy": 0.6180221438407898
    },
    "eval": {
        "loss": 0.7954608201980591,
        "accuracy": 0.652958869934082
    },
    "step": 24,
    "best_loss": 0.8075380325317383,
    "best_acc": 0.6609829664230347,
    "best_test_loss": 0.7661601901054382,
    "best_test_acc": 0.6691729426383972
}
