{
    "loss_0": 19.350378036499023,
    "acc_0": 0.24874624609947205,
    "train": {
        "loss": 0.6633198261260986,
        "accuracy": 0.7196823954582214
    },
    "eval": {
        "loss": 0.6728091835975647,
        "accuracy": 0.7131394147872925
    },
    "step": 24,
    "best_loss": 0.6728091239929199,
    "best_acc": 0.7131394147872925,
    "best_test_loss": 0.6383563876152039,
    "best_test_acc": 0.7518796920776367
}
