{
    "loss_0": 9.337844848632812,
    "acc_0": 0.2517552673816681,
    "train": {
        "loss": 0.7994908690452576,
        "accuracy": 0.6341434121131897
    },
    "eval": {
        "loss": 0.8311659693717957,
        "accuracy": 0.6308926939964294
    },
    "step": 24,
    "best_loss": 0.794998049736023,
    "best_acc": 0.6589769124984741,
    "best_test_loss": 0.7876200675964355,
    "best_test_acc": 0.664160430431366
}