{
    "loss_0": 8.115548133850098,
    "acc_0": 0.25476428866386414,
    "train": {
        "loss": 0.833095908164978,
        "accuracy": 0.623315691947937
    },
    "eval": {
        "loss": 0.8056477904319763,
        "accuracy": 0.6409227848052979
    },
    "step": 24,
    "best_loss": 0.8056478500366211,
    "best_acc": 0.6409227848052979,
    "best_test_loss": 0.8540385365486145,
    "best_test_acc": 0.646616518497467
}
