{
    "loss_0": 8.989956855773926,
    "acc_0": 0.24874624609947205,
    "train": {
        "loss": 1.1093966960906982,
        "accuracy": 0.46896055340766907
    },
    "eval": {
        "loss": 1.0642873048782349,
        "accuracy": 0.508525550365448
    },
    "step": 2,
    "best_loss": 1.0642871856689453,
    "best_acc": 0.508525550365448,
    "best_test_loss": 1.0642871856689453,
    "best_test_acc": 0.508525550365448
}