{
    "loss_0": 19.2364501953125,
    "acc_0": 0.24974924325942993,
    "train": {
        "loss": 0.8848495483398438,
        "accuracy": 0.584456205368042
    },
    "eval": {
        "loss": 0.9434273838996887,
        "accuracy": 0.552657961845398
    },
    "step": 24,
    "best_loss": 0.8904582262039185,
    "best_acc": 0.605817437171936,
    "best_test_loss": 0.9081613421440125,
    "best_test_acc": 0.6315789222717285
}
