{
    "loss_0": 14.822288513183594,
    "acc_0": 0.252758264541626,
    "train": {
        "loss": 0.7891892194747925,
        "accuracy": 0.6435274481773376
    },
    "eval": {
        "loss": 0.858703076839447,
        "accuracy": 0.5977934002876282
    },
    "step": 24,
    "best_loss": 0.7983126044273376,
    "best_acc": 0.649949848651886,
    "best_test_loss": 0.8492898344993591,
    "best_test_acc": 0.6566416025161743
}