{
    "loss_0": 16.270397186279297,
    "acc_0": 0.24974924325942993,
    "train": {
        "loss": 0.7257604002952576,
        "accuracy": 0.6861164569854736
    },
    "eval": {
        "loss": 0.7028750777244568,
        "accuracy": 0.700100302696228
    },
    "step": 25,
    "best_loss": 0.7028752565383911,
    "best_acc": 0.700100302696228,
    "best_test_loss": 0.7028752565383911,
    "best_test_acc": 0.700100302696228
}