{
    "loss_0": 29.191123962402344,
    "acc_0": 0.2507522702217102,
    "train": {
        "loss": 0.6500637531280518,
        "accuracy": 0.7260587215423584
    },
    "eval": {
        "loss": 0.7145543098449707,
        "accuracy": 0.7111334204673767
    },
    "step": 25,
    "best_loss": 0.6459446549415588,
    "best_acc": 0.7402206659317017,
    "best_test_loss": 0.6459446549415588,
    "best_test_acc": 0.7402206659317017
}