{
    "loss_0": 12.154861450195312,
    "acc_0": 0.24874624609947205,
    "train": {
        "loss": 0.3863501250743866,
        "accuracy": 0.8502165675163269
    },
    "eval": {
        "loss": 0.684709906578064,
        "accuracy": 0.7662988901138306
    },
    "step": 50,
    "best_loss": 0.6305829882621765,
    "best_acc": 0.7662988901138306,
    "best_test_loss": 0.6305829882621765,
    "best_test_acc": 0.7662988901138306
}