{
    "loss_0": 8.642940521240234,
    "acc_0": 0.24774323403835297,
    "train": {
        "loss": 0.8515498638153076,
        "accuracy": 0.6144129037857056
    },
    "eval": {
        "loss": 0.8351687788963318,
        "accuracy": 0.6318956613540649
    },
    "step": 24,
    "best_loss": 0.8170232772827148,
    "best_acc": 0.649949848651886,
    "best_test_loss": 0.8334835767745972,
    "best_test_acc": 0.61654132604599
}
