{
    "loss_0": 18.01278305053711,
    "acc_0": 0.2507522702217102,
    "train": {
        "loss": 0.7564253807067871,
        "accuracy": 0.6667468547821045
    },
    "eval": {
        "loss": 0.7988690137863159,
        "accuracy": 0.6559678912162781
    },
    "step": 24,
    "best_loss": 0.7477958798408508,
    "best_acc": 0.682046115398407,
    "best_test_loss": 0.741712749004364,
    "best_test_acc": 0.6817042827606201
}
