{
    "loss_0": 14.554675102233887,
    "acc_0": 0.24272818863391876,
    "train": {
        "loss": 0.8577328324317932,
        "accuracy": 0.6106833219528198
    },
    "eval": {
        "loss": 0.8435453176498413,
        "accuracy": 0.6188565492630005
    },
    "step": 24,
    "best_loss": 0.8317354917526245,
    "best_acc": 0.6268806457519531,
    "best_test_loss": 0.8317354917526245,
    "best_test_acc": 0.6268806457519531
}