{
    "loss_0": 14.775150299072266,
    "acc_0": 0.2557673156261444,
    "train": {
        "loss": 0.8159183263778687,
        "accuracy": 0.6345043182373047
    },
    "eval": {
        "loss": 0.9149062037467957,
        "accuracy": 0.5857572555541992
    },
    "step": 24,
    "best_loss": 0.8402090668678284,
    "best_acc": 0.6328986883163452,
    "best_test_loss": 0.8152754902839661,
    "best_test_acc": 0.664160430431366
}
