{
    "loss_0": 17.145978927612305,
    "acc_0": 0.2507522702217102,
    "train": {
        "loss": 0.689210057258606,
        "accuracy": 0.7071703672409058
    },
    "eval": {
        "loss": 0.6907845139503479,
        "accuracy": 0.6990972757339478
    },
    "step": 24,
    "best_loss": 0.6963282227516174,
    "best_acc": 0.7041123509407043,
    "best_test_loss": 0.7505649328231812,
    "best_test_acc": 0.6817042827606201
}
