{
    "loss_0": 10.211832046508789,
    "acc_0": 0.2517552673816681,
    "train": {
        "loss": 0.23030725121498108,
        "accuracy": 0.9133782386779785
    },
    "eval": {
        "loss": 0.8146963715553284,
        "accuracy": 0.7452356815338135
    },
    "step": 99,
    "best_loss": 0.5884562134742737,
    "best_acc": 0.7713139653205872,
    "best_test_loss": 0.66339510679245,
    "best_test_acc": 0.7393483519554138
}