{
    "loss_0": 20.448406219482422,
    "acc_0": 0.2507522702217102,
    "train": {
        "loss": 0.8511247634887695,
        "accuracy": 0.6058710217475891
    },
    "eval": {
        "loss": 0.8610565066337585,
        "accuracy": 0.6469408273696899
    },
    "step": 24,
    "best_loss": 0.8610564470291138,
    "best_acc": 0.6469408273696899,
    "best_test_loss": 0.8949777483940125,
    "best_test_acc": 0.6190476417541504
}
