{
    "loss_0": 7.005734920501709,
    "acc_0": 0.2567703127861023,
    "train": {
        "loss": 0.8863813281059265,
        "accuracy": 0.5836140513420105
    },
    "eval": {
        "loss": 0.9262938499450684,
        "accuracy": 0.55867600440979
    },
    "step": 24,
    "best_loss": 0.882303774356842,
    "best_acc": 0.5977934002876282,
    "best_test_loss": 0.8773908615112305,
    "best_test_acc": 0.621553897857666
}
