{
    "loss_0": 9.456365585327148,
    "acc_0": 0.26479437947273254,
    "train": {
        "loss": 0.8015477657318115,
        "accuracy": 0.6430462002754211
    },
    "eval": {
        "loss": 0.7840830683708191,
        "accuracy": 0.6670010089874268
    },
    "step": 24,
    "best_loss": 0.7840830087661743,
    "best_acc": 0.6670010089874268,
    "best_test_loss": 0.7755258679389954,
    "best_test_acc": 0.664160430431366
}
