{
    "loss_0": 6.291469097137451,
    "acc_0": 0.23370110988616943,
    "train": {
        "loss": 0.8789479732513428,
        "accuracy": 0.5954042077064514
    },
    "eval": {
        "loss": 0.8595168590545654,
        "accuracy": 0.6068204641342163
    },
    "step": 24,
    "best_loss": 0.8661115765571594,
    "best_acc": 0.6308926939964294,
    "best_test_loss": 0.8936287760734558,
    "best_test_acc": 0.621553897857666
}
