{
    "loss_0": 8.056586265563965,
    "acc_0": 0.22768305242061615,
    "train": {
        "loss": 0.6536087393760681,
        "accuracy": 0.7187198996543884
    },
    "eval": {
        "loss": 0.6609943509101868,
        "accuracy": 0.7382146716117859
    },
    "step": 24,
    "best_loss": 0.6609944701194763,
    "best_acc": 0.7382146716117859,
    "best_test_loss": 0.7138997912406921,
    "best_test_acc": 0.7092731595039368
}
