{
    "loss_0": 10.734322547912598,
    "acc_0": 0.3209628760814667,
    "train": {
        "loss": 0.6665254831314087,
        "accuracy": 0.717155933380127
    },
    "eval": {
        "loss": 0.7959257364273071,
        "accuracy": 0.682046115398407
    },
    "step": 25,
    "best_loss": 0.7064501643180847,
    "best_acc": 0.7071213722229004,
    "best_test_loss": 0.7064501643180847,
    "best_test_acc": 0.7071213722229004
}