{
    "loss_0": 11.211404800415039,
    "acc_0": 0.21364092826843262,
    "train": {
        "loss": 0.668798565864563,
        "accuracy": 0.7151106595993042
    },
    "eval": {
        "loss": 0.6921364068984985,
        "accuracy": 0.7151454091072083
    },
    "step": 22,
    "best_loss": 0.6921365857124329,
    "best_acc": 0.7151454091072083,
    "best_test_loss": 0.6921365857124329,
    "best_test_acc": 0.7151454091072083
}