{
    "loss_0": 14.12459945678711,
    "acc_0": 0.20661985874176025,
    "train": {
        "loss": 0.7644255757331848,
        "accuracy": 0.6601299047470093
    },
    "eval": {
        "loss": 0.7797742486000061,
        "accuracy": 0.664995014667511
    },
    "step": 25,
    "best_loss": 0.7395905256271362,
    "best_acc": 0.6870611906051636,
    "best_test_loss": 0.7395905256271362,
    "best_test_acc": 0.6870611906051636
}