{
    "loss_0": 5.765158176422119,
    "acc_0": 0.270812451839447,
    "train": {
        "loss": 0.8741952180862427,
        "accuracy": 0.5920355916023254
    },
    "eval": {
        "loss": 0.8811243772506714,
        "accuracy": 0.5897693037986755
    },
    "step": 24,
    "best_loss": 0.8517884612083435,
    "best_acc": 0.6359077095985413,
    "best_test_loss": 0.8401126861572266,
    "best_test_acc": 0.6265664100646973
}
