{
    "loss_0": 7.449869632720947,
    "acc_0": 0.2577733099460602,
    "train": {
        "loss": 0.8027632236480713,
        "accuracy": 0.6382339000701904
    },
    "eval": {
        "loss": 0.831572949886322,
        "accuracy": 0.6278836727142334
    },
    "step": 14,
    "best_loss": 0.7638109922409058,
    "best_acc": 0.6609829664230347,
    "best_test_loss": 0.8024289011955261,
    "best_test_acc": 0.6416040062904358
}
