{
    "loss_0": 19.53324317932129,
    "acc_0": 0.24774323403835297,
    "train": {
        "loss": 0.7821952700614929,
        "accuracy": 0.6426852941513062
    },
    "eval": {
        "loss": 0.7713489532470703,
        "accuracy": 0.6720160245895386
    },
    "step": 24,
    "best_loss": 0.7713490724563599,
    "best_acc": 0.6720160245895386,
    "best_test_loss": 0.7893836498260498,
    "best_test_acc": 0.6491228342056274
}
