{
    "loss_0": 7.122519493103027,
    "acc_0": 0.28986960649490356,
    "train": {
        "loss": 0.6246770024299622,
        "accuracy": 0.7412174940109253
    },
    "eval": {
        "loss": 0.6762691736221313,
        "accuracy": 0.7191574573516846
    },
    "step": 24,
    "best_loss": 0.6737696528434753,
    "best_acc": 0.7281845808029175,
    "best_test_loss": 0.7186747193336487,
    "best_test_acc": 0.7142857313156128
}
