step	eval/accuracy
0	0.48345035314559937
1	0.4804413318634033
2	0.5697091221809387
3	0.4714142382144928
4	0.555666983127594
5	0.526579737663269
6	0.6128385066986084
7	0.5386158227920532
8	0.5957873463630676
9	0.6238716244697571
10	0.6088264584541321
11	0.5897693037986755
12	0.620862603187561
13	0.614844560623169
14	0.6018053889274597
15	0.6629889607429504
16	0.6359077095985413
17	0.6629889607429504
18	0.7051153182983398
19	0.7111334204673767
20	0.7121363878250122
21	0.7151454091072083
