step	accuracy
0	0.46339017152786255
1	0.5075225830078125
2	0.5466399192810059
3	0.4854563772678375
4	0.5336008071899414
5	0.5376128554344177
6	0.5767301917076111
7	0.5325977802276611
8	0.6068204641342163
9	0.5837512612342834
10	0.6108325123786926
11	0.5897693037986755
12	0.6258776187896729
13	0.6609829664230347
14	0.6278836727142334
