step	accuracy
0	0.47241726517677307
1	0.508525550365448
