step	eval/accuracy
0	0.5015045404434204
1	0.5155466198921204
2	0.5225676894187927
