step	eval/loss
0	1.099649429321289
1	1.0908266305923462
2	0.9475873112678528
3	1.0807862281799316
4	0.9583965539932251
5	1.1896405220031738
6	0.8644536137580872
7	1.0803247690200806
8	0.9856299757957458
9	0.8846555948257446
10	0.848366916179657
11	1.0219614505767822
12	0.8527544736862183
13	0.8473575711250305
14	0.9230626821517944
15	0.7936846613883972
16	0.872055172920227
17	0.8006075620651245
18	0.709557831287384
19	0.7081412672996521
20	0.687894880771637
21	0.6921364068984985
