step	eval/loss
0	1.053253173828125
1	1.0170193910598755
2	0.9805054664611816
