step	loss
0	1.1058435440063477
1	1.0411735773086548
2	0.9569205641746521
3	1.0517455339431763
4	0.9761291146278381
5	0.9576596617698669
6	0.8873248100280762
7	1.0327575206756592
8	0.8655186891555786
9	0.8951429128646851
10	0.8984090089797974
11	0.8858636021614075
12	0.8258563280105591
13	0.7638109922409058
14	0.831572949886322
