step	loss
0	1.1503574848175049
1	1.0642873048782349
